text,target,preds
my instagram just blew up apparently i was featured on i am jazz tonight how cool is that love her,0,0
jwalkerlyle discovered by nickcannon listen buy realmandyrain riot on itunesmusic itunes URL blowmandyup,0,0
sorry i built a fire by my desk already rtirishirr mchapmanwsaz wsaz brittany kellyannwx please maintain that snowstorm til i arrive ,0,1
wakeupflorida floridians more likely to be killed injured by a trophyhunt killer's gun than by isis URL,0,1
canagal good to hear it's back that storm's been given you guys trouble though ( sj,1,0
joshsternberg my feed seems to have a deluge once or twice during the week it s fantastic ,0,0
the horrific story of being a hostage the horrific story of being a hostage it's 1974 and on a british URL,1,1
nervana 1 as per previous behaviour jan aq would deal with the kidnapped hostages not particularly pleasantly if div 30 fought jan aq ,1,1
enzasbargains a5 donated some fruit snacks amp handi wipes to our fire fighters battling wild fires! profittothepeople,1,1
in your eyes i see the hope i once knew i'm sinking i'm sinking away from you don't turn around you'll see you can make it ,0,0
?? warfighting robots could reduce civilian casualties so calling for a ban now is premature ieee spectrum URL,1,1
osp concerned about mounting fatalities URL URL,1,1
emotional desolation the effect of alcoholism addiction on family URL forgiving is hard URL,0,0
ready for this storm,1,1
'snowstorm' 36'x36' oil on canvas (2009) URL art painting,0,0
incase of accident the first responders would know that there is a baby present URL,0,1
usama bin ladins family dead in airplane crash naturally no accident ,1,1
hello calgary!! important news!! please be advised!!! URL,1,0
weather forecast for thailand a whirlwind is coming 2 september URL,1,1
 keits liva gotta get a gold chain you'll understand one boy gave me one and my neck went green it traumatised me,0,0
fewmoretweets all lives matter just not a fan of burning down buildings and stealing from your neighbors to 'protest',1,1
beware of your temper and a loose tongue! these two dangerous weapons combined can lead a person to the hellfire islam!,0,0
who the fuck plays music extremely loud at 9am on a tuesday morning?? bruv do they want me to come bang them??,0,0
animallogic lotg smoothed out once blue bird and moth were caught and let go chalked up mouse massacre to a subtle disney diss ,0,0
adriennetomah how did people survive like that?!,0,0
doing giveaway music kit dren death's head demolition URL,0,0
lonewolffur bruh dies ,0,0
tension in bayelsa as patience jonathan plans to hijack apc pdp URL URL,1,1
capicapricapri brento bento wha t is this kids damage,0,0
i guess you can say ig's hopes went up in flames,0,0
rockbottomradfm is one of the challenges on tough enough rescuing people from burning buildings?,0,1
health newyear the anniversary of the devastation wrought by the first military use of an atomic weapon come URL,1,1
if firefighters acted like cops they'd drive around shooting a flamethrower at burning buildings,0,1
flood prone waterways in westchester county now eligible for millions in state aid newyork URL,1,1
don't say alipaper women got problems this keepingtheviginaclean thing is very interesting n less expensive metrofmtalk',0,0
ancient mayan tablet with hieroglyphics honors lowly king URL,0,0
eles kaylee jannellix0 so she puts on a different face for you ?? her heart broke after buying me lava cakes smh,0,0
i need to plan a trip to cleveland soon! ??,0,0
my sister rl burned all her boyfriend clothes recorded it amp sent it to him ????,0,0
tricycle toddler atomic bomb URL in a fraction of a second our decisions change the landscape of humanity ,1,1
?? ???? ??? ??? mh370 aircraft debris found on la reunion is from missing malaysia airlines URL,1,1
why so many half naked men on twitter tonight?! normally i'd embrace the odd torso but the scale of tonight's deluge is unprecedented,0,1
rt livingsafely nws posts severe thunderstorm warnings for parts of ar nc ok seek strong shelter if at risk URL,1,1
i just wanted to watch paper towns but the buildings on fire ?????,1,1
can't watch pvris i'm so sad bc it collided with another set,1,0
mexico construction of bridge collapse kills one URL URL,1,1
urufusanragu a mudslide?,1,1
you da one mtvsummerstar videoveranomtv mtvhottest britney spears lana del rey,0,0
in photos the young refugees forced to flee burundi's violence vice news URL see more URL,1,1
it was a whirlwind love affair that began over back fat and grew into much more ,0,0
hurricane dolce no prob,1,0
lets goooooooo URL,0,0
nowplaying arsonist mc so impressed arsonistmusic URL,0,0
kasiakosek the drive sucks in my case because i know my desk looks like a war zone and then everyone goes into the 'i need this' mode,0,0
floods fishing finally sunshine amp fab deals from albertsons anniversary sale lauren paints a beautiful life URL,0,0
not because i want to cheat or anything just feels good to vent to my twitter without a txt being screamed at lol,0,0
world fedex no longer to transport bioterror germs in wake of anthrax lab mishaps URL,1,1
rockbottomradfm as a kid i remember hearing rules about 30 to 90 days wo a defense and you're stripped brock obliterated that,0,0
ignition knock (detonation) sensor acdelco gm original equipment 213 924 URL URL,0,0
glaucoma occurs when fluid builds up pressure inside eye to a level that may damage optic nerve eyefacts,1,0
youngheroesid lava blast amp power red pantherattack jamilazzaini alifaditha,0,1
starflame girl yeah i have a crush on her,0,0
king naruto as long as i see madara bleeding i'm good ??,0,0
humboldt cty sheriff's office has issued an evacuation advisory for 10 residence in the lassics area more info at URL,1,1
here i'm the uk there isn't a deluge of canadian themed tops around the timing was perfect i can't quite believe it mad ,1,0
i scored 111020 points in punch quest stopped when a squeaky bat collided into my skull URL,1,0
exofficio men's boxer brief curfew large URL,0,0
'it hasn't collapsed because the greek people are still being played for as fools by tsipras he cost ' wallybaiter URL,0,0
0 day bug in fully patched os x comes under active exploit to hijack macs URL,0,0
like little boy you better sit your ass down stop screaming at my mother stop pulling your hair amp crying like a 3 year old amp grow tf up,0,0
the hobbit desolation of smaug thranduil 4' scale action figure loose mirkwood full read URL URL,0,0
video 'we're picking up bodies from water' rescuers are searching for hundreds of migrants in the mediterranean after a boat carryi ,1,1
watch the terrifying moment two giant cranes collapse onto homes a row of homes was destroyed in seconds URL,1,1
lunch for the crew is made night night it's been a long day! peace love rescue ,0,0
two trains have collided in india please pray for victims their families and rescuers ,1,1
finnish ministers fennovoima nuclear reactor will go ahead URL,0,1
stretcher witter rexyy towel show me a picture of it,1,0
petition heartless owner that whipped horse until it collapsed is told he can keep his animal! act now! URL,1,0
drowning sorrows in jarmusch vampires ,0,0
two giant cranes holding a bridge collapse into nearby homes URL,1,1
this is a tragedy i added the wrong book to my tbr list now i can't find the right one this is what comes of browsing just on gr homepage ,0,0
shipping logistics enca fatalities as migrant boat capsizes in med with hundreds onboard capsized as i URL,1,1
URL demolition company der abbruchsimulator,0,0
map typhoon soudelor's predicted path as it approaches taiwan expected to make landfall over southern china by s URL,1,1
randerson62 watching news of wild fires and hope all is ok ,1,1
shoot shit up till we see body bags,0,0
modiministry rly tragedy in mp some live to recount horror URL,1,1
fun instagramers URL jeb bush said earlier this week that not only does he want to obliterate planned parenthood bu ,0,0
on page 500 of 688 of after we collided by anna todd URL,0,0
cameronciletti tigersjostun i can destroy u,0,0
the city has activated the municipal emergency plan primarily stay indoors avoid flooded areas call 311 for URL,1,1
anyone travelling aberystwyth shrewsbury right now there's been an incident services at a halt just outside shrews ambulance on scene ,1,1
new explosion proof tempered glass screen protector film for blackberry z10 full read by URL URL,0,0
when rescuers found him he was barely alive but they had no idea he was allergic to this! URL,1,0
wreckage 'conclusively confirmed' as from mh370 malaysia pm investigators and the families of those who were URL,1,1
cllrraymogford indeed ray devastation would be far more comprehensive hiroshima,1,1
i lava you ?????? URL,0,0
debatequestionswewanttohear why does saudi arabia and israel get away with mass murder? wahhabism zionism,1,1
hienshi gbay99 it wouldnt turn into a sandstorm if riot gave a good answer instead they gave dumb excuses at least new client is there,0,0
oooureli abu baraa1 you mean like the tolerance you showed when sharing 'democracy' with the iraqis? wait you mutilated and bombed them ,0,1
( the abomination that maketh desolate the antichrist desecrates the jerusalem temple dan 9 27 matt 24 1 ),0,0
militants attack police post in udhampur 2 spos injured suspected militants thursday attacked a police post in URL,1,1
?? new ladies shoulder tote handbag faux leather hobo purse cross body bag womens URL URL,0,0
there was a loud bang outside earlier and i check to find my dad on the floor after the chair he was sitting on broke URL,0,1
water now tops the charts for highest global risk in terms of devastation ahead of nuclear war or a global pandemic URL,1,1
reddit's new content policy goes into effect many horrible subreddits banned or quarantined URL URL,0,0
360wisenews china's stock market crash are there gems in the rubble? URL,0,1
gail and russell saw lots of hail at their dalroy home they have video of twister 1 2 mile from their home yyc URL,1,1
carlachamorros hillary a mass murderer ,0,1
 jimmyfallon i crushed squirrel bones with a mortar and pestle for my school's bio dept not really sure why worstsummerjob,0,0
be trynna smoke tj out but he a hoe,0,0
the latest more homes razed by northern california wildfire abc news URL,1,1
kunalkapoor photo of the day storm chaser URL photography pod,1,1
if you find your patio table umbrella and chairs flipped over and suspect foul play (instead of windstorm) you may be a suspense writer ,0,0
seriously have the biggest girl crush ever on blake lively,0,0
?? ?? ??? ??? mh370 aircraft debris found on la reunion is from missing malaysia airlines URL,1,1
and i thought my surgical wounds were healed!!! this weather ain't helping either ) ,0,0
princeoffencing frickin summer and its humidity building up and causing trouble,0,0
senator voices concerns over bp oil spill settlement URL,1,1
one direction is taking a break after this next album my heart has sunk it hurts and i'm very upset they deserve a break my heart hurts,0,0
israel wrecked my home now it wants my land URL,1,1
my baby girls car wreak this afternoon thank god no serious injuries and she was wearing her seatbelt!!! URL,1,1
california is battling its scariest 2015 wildfire so far URL,1,1
i liked a youtube video from vgbootcamp URL sx 109 sn vabengal (zss) vs sws fatality (captain falcon),0,0
nowplaying the playlist 'when jazz and hip hop collide' in tidalhifi URL,0,0
casper rmg bestcomedyvine whats cracking cuz,0,0
i survived a 12 step program for sex addiction URL,0,0
friday supposed to be a happy day but it's a bloody friday hah zzzz,0,0
explosion at chemical site leads to building collapse near krefeld germany emergency crews on scene avoid the area ijetalerts,1,1
? the circular ruins displaced part 4 ? URL nowplaying,0,0
tomorrow's announcement vods URL,0,0
isis claims responsibility for saudi suicide bombing URL,1,1
greatbritishbakeoff love to know where i was when all this nice weather happened! did miss the heat wave ?? ??,0,0
11 year old boy charged with manslaughter of toddler report an 11 year old boy has been charged with manslaughter over the fatal sh ,1,1
g URL body bagging them lyrically! URL,0,0
coach keith44 hannomottola trpreston01 mlrydalch no but a stretcher would have been nice ,0,0
da judge gave dis girl 5pm curfew ??????,0,0
lucas duda is ghost rider not the nic cage version but an actual 'engulfed in flames' badass mets,1,0
dramatic video shows plane landing during violent storm URL,1,1
wowsavannah what's the harm?? they're collectibles,0,0
battlefield 1942 forgotten hope secret weapons,1,0
un no more gujaratriot amp mumbairiot92 93 which devastated 1000 amp 1000 indianperpetrated by modi amp chawalchorbjp un women unnewsteam,1,1
cleared collision qew fort erie bound approaching hwy 405 niagara vehicles removed ag,1,1
320 ir icemoon aftershock URL djicemoon dubstep trapmusic dnb edm dance ices URL,0,0
newlyweds feed thousands of syrian refugees instead of hosting a banquet wedding dinner URL via smh,1,0
when high fashion and food collide URL,0,0
had an awesome time gettin wrecked at bowling last night! URL,0,0
1 of the major reason of suicide bombing is the absence of sexual interactions ,1,1
my hand is burning,1,0
i ruin everything ????,0,0
kendall jenner and nick jonas are dating and the world might quite literally explode URL,1,0
west valley i405 n us101 s i405 n con trfc collision unkn inj URL,1,1
a laois girl advertised for a new friend to replace her loved up bff and has been inundated URL URL,0,0
wowo 12000 nigerian refugees repatriated from cameroon,1,1
rohnertparkdps you're on stage now! right under the lights! isn't it funny?! where do you get the goofballs with which you staff your pd?,0,0
news bin laden family plane crashed after 'avoiding microlight and landing too far down runway' URL,1,1
bloody insomnia again! grrrr!! insomnia,1,0
georgia sinkhole closes road swallows whole pond URL,1,1
womens buckle casual stylish shoulder handbags pockets cross body bags green URL,0,0
it should be our duty to obliterate superstition from our society swami agnivesh,0,0
'car vs motorcycle in harwich port' harwich port a car and motorcycle collided around 5 30 p m the crash happen URL,1,1
1 9 earthquake occurred 15km e of anchorage alaska at 00 11 utc! earthquake anchorage URL,1,1
contruction upgrading ferries to earthquake standards in vashon mukilteo the upgrades will bring the vulnera URL,1,1
(sj gist) 148 houses farm produce destroy URL streetjamzdotnet URL,1,0
learning from the legacy of a catastrophic eruption URL via newyorker,1,1
dirk trossen i've still got some of the snowstorm hailstorm!,1,1
but the government will not care police will stop rioting eventually of protestors eventually some skyscrapers become plant covered ,1,1
make man pikin crash ??????,1,0
the body bags has a show on 08 07 2015 at 07 30 pm tremont music hall in charlotte nc URL concert,0,0
guys he can run so fast he creates a tornado without breaking a sweat he makes superman look like a slowpoke he can be a poc ,0,0
graysondolan only if u let me drown you ??,0,0
we destroyed the zimmerman fan club on twitter rzimmermanjr and we obliterated renewsit reduced her to a sock acc URL,0,0
watch this airport get swallowed up by a sandstorm in under a minute URL,1,1
daisycuttertz grogparty tony burke he's been having lessons in suicide bombing from his imam!,1,1
hot funtenna hijacking computers to send data as sound waves black hat 2015 URL prebreak best,0,0
mzgraciebaby for the record im jumpin out the window early i got officialrealrap body bagging luck lol save the file,0,0
can't believe ross is dead???????? emmerdale mikeparractor emmerdale summerfate,0,0
autoinsurance industry clueless on driverlesscars markets money times URL,0,0
johndcgow heard this few days ago while driving and near crashed the car from laughing to much,0,0
raishimi33 ) well i think that sounds like a fine plan where little derailment is possible so i applaud you ),1,0
boom! your country was just entirely annihilated by a h britain URL,0,0
father of three lost control of car after overtaking and collided bathandnortheastsomerset URL,1,1
reddit's new content policy goes into effect many horrible subreddits banned or quarantined URL URL,1,0
maybe that's what happens when a tornado meets a volcano,1,1
fedporn i feel your pain survivors will look back on this period as most absurd in human history satire indistinguishable from reality ,1,0
david hurn tokteacher why is there something in place to prevent skynet? because perhaps there should be! URL,0,0
in times of desolation and trouble daniel's persistent prayers and fastings brought forth heavenly power and god i URL,0,0
sitting still in the cityofmemphis traffic is like sitting in a war zone! they don't move for the police they don't care,0,0
bruh white people buy the ugliest shoes and they them super tight no blood going to there feet,0,0
headed to the massacre bodies arriving everyday what were those shells you heard picking the bones up along the way,1,1
new ran report from the frontlines of human rights abuses and forest destruction for fashion URL,1,1
the worst part is seeing lightning and trying to guess when the thunder will crack,0,0
photo mothernaturenetwork what is thundersnow? hearing thunder during a snowstorm is extremely uncommon URL,1,1
drown by bring me the horizon (at information resources centre (utp)) URL,0,0
weapon's catalogue ,0,0
finnish nuclear plant to move ahead after financing secured gt URL,0,0
dust devil maintenance fee buy up la rotary storm guard uvopwz,0,0
japan's restart of nuclear reactor fleet fast approaches URL,1,1
so today i fell off a rock scraped my whole butt and nearly drowned summer2k15,0,1
loved chicago so much that it game me pink eye now i sit and design in quarantine and in the dark ,0,0
put sandstorm down!!!! URL,0,1
fire call brant av drummond rd for fire structure single units car 6 on call truck URL,1,1
greateranglia i know the cow incident not yr fault by how where they on the line could of caused a derailment,1,1
keep shape your shoes ??amazon foot adjust shape shoe mini shoe tree stretcher shaper width extender adjustable URL,1,0
my dog s just blown his kennel up bloody yorkshire terrorist,0,1
stu dorret's mudslide rubber tyre cake may have saved you gbbo,0,0
releases on the planing level 1 constellation blight on gaia iclown's drumstep remix 2 iclown infinity URL,0,0
fx forex trading cramer iger's 3 words that wrecked disney's stock URL,0,0
video 'we're picking up bodies from water' rescuers are searching for hundreds of migrants in URL africa news,1,1
rnk issues severe thunderstorm warning wind 60 mph hail 1 00 in for rockingham stokes nc till aug 5 10 00 pm edt ,1,1
tinyjecht are you another stand user? if you are i will have to detonate you with my killer queen ,0,0
dk eyewitness travel guide denmark travel guide ebay auctions you should keep an eye on URL,0,0
rhee1975 deliciousvomit no i'm not i'm saying that they're lucky they can go home to their families not put in a body bag,0,0
so apparently there were bush fires near where i live over the weekend that i was totally oblivious to ,1,1
vacation update my great aunt just killed a spider with her bare hand after i screamed in fear fierce,1,0
i be on that hotboy shit,0,0
9000 photographs from 1800's british mandate of palestine with no trace of 'palestinians' URL,1,1
the bomb was so appropriate ?? seen as my family and most jamaicans love shout bullets !,0,1
tampa super freestyle explosion live in concert at amalie arena sep 19 ? ticket info URL,0,0
womens tote faux leather handbags shoulder cross body top handle bags rose URL URL,0,0
29 of oil and gas organizations have no real time insight on cyber threats see how ey can help URL,0,0
sf asian women's shelter crisis line (415) 751 0880 emergency shelter support services 4 non english speaking asian women amp children ,1,0
a strong thunderstorm will affect central halifax county through 1145 pm edt for halifax va till 11 45 pm edt URL,1,1
buildings are on fire and they have time for a business meeting thestrain,1,1
twister was fun URL,0,0
omg! i don't believe this rip bro airplane accident jetengine turbojet boing g90 URL,1,1
that sounds about right our building will have a thunderstorm inside one day when the air masses collide URL,0,0
my school just put the evacuation alarms on accidently with 2 different trial exams happening are you kidding me,0,1
wreckage 'conclusively confirmed' as from missing flight mh370 via yahoonewsdigest,1,1
stl ace grille surface mounts speedtech lights amber emergency lights 544 URL URL,0,0
the five fatal flaws in the iran deal URL via youtube,0,1
'use our roads wisely and prevent the carnage from continuing let us have no fatalities over this holiday period ' ggindependencmessage,0,1
16 dead in russia bus accident at least 16 people were killed and 26 others injured when two buses collided i URL,1,1
new cocktail on the list! el diablo mas verde mezcal yellow chartreuse honey cucumber hellfire bitters URL,0,0
viralspell 'couple spend wedding day feeding 4000 syrian refugees URL URL see more URL,0,0
looks like a war zone outside what's going on?,1,1
i wanna set some shit on fire ,1,0
mayoroflondon pls reduce cyclist deaths with a compulsory highway code test as with every other vehicle that uses a road notrocketscience,1,0
love god more than you fear hell,0,0
(ar) severe thunderstorm warning issued august 05 at 9 12pm cdt until august 05 at 9 45pm cdt by nws URL arwx,1,1
he hit a tailor fucking made double play and kay screams he was robbed of a hit ,0,0
raynbowaffair editor in chief diamondkesawn releases issue 7 URL of ramag fashion models and mayhem,0,0
i'm drowning in hw now and that's w o going to swim ohlordy,0,0
the fact that the atomic bombs were called 'little boy' and 'fat man' says a lot about the mentality that went into the attack ,1,1
has not sunk in that i leave for school in a month,0,0
update bend fd says roofing co workers accidentally cut through natural gas line in post office leading to evacuation for about a half hr,1,1
strict liability in the context of an airplane accident pilot error is a common component of most aviation cr URL,1,1
growth dries up for bhp billiton as oil price collapse bites URL,0,1
signing a petition to seek mercy on a death punishment for a convivted terrorist is a job well done in india but asking a foreign govt 1 n,1,1
mortal kombat fatalities are so gross but interesting,0,0
sirtitan45 mega mood swing on a 24 hr schedule isn't that how structural failure occurs?,0,0
pyramidhead76 one good thing came out of watching the film was too traumatised to watch show so started halt amp catch fire on amazon d,1,1
this is relaxing! thunder soothmyslumber watermeloann populardemand w soak (vine by thewebbeffect19) URL,0,0
god damn it!!! i electrocuted myself ??,0,0
bigbrother ch4 the x 37b's big brother revealed boeing bags 6 6m contract to design daily mail URL,0,0
senators calling for emergency housing boxer feinstein back plan to move homeless vets to va campus URL,1,1
red flag warning for fire danger amp dry thunderstorms in bay area URL weather cawx by nwsbayarea,1,1
ruddyyyyyy jamiegriff97 jamie is too traumatised to answer URL,0,0
museawayfic beenghosting xylodemon ok ok what if i make the close quarters an abandoned cabin in the woods in a thunderstorm,1,0
my take away preservation parks r an imposition amp a danger to african people i never imagined! URL,0,0
rvfriedmann hell is just a fraction of his belief of total annihilation destruction of usa lodisilverado ritzy jewels,1,1
just had a panic attack bc i don't have enough money for all the drugs and alcohol i wanted to buy this year let alone my fall bills,0,0
doctorfluxx stefanejones spinnellii themermacorn no burning buildings and rob during a riot that's embarrassing amp ruining this nation ,1,1
16 stylishly unique houses that might help you survive the zombie apocalypse URL URL,0,0
ianokavo96 he's still traumatised,0,0
some of worst radiation exposure from fukushima meltdown happened 47km northwest proof that small emergency planning zones don t cut it,1,1
1st quality insurance group is hiring licensed property amp casualty insurance agent produc URL jobs denver,0,0
i added a video to a youtube playlist URL ori and the bind forest ep 6 'fire and death',1,0
wow the name legionnairesdisease comes from an outbreak of pneumonia at the americanlegion convention in philly in 1976 29 died from it ,1,1
tellyfckngo jaycootchi nah you hit homie wit the fatality and then son'd him wit the babality cold cold as fuck lmfaoooo ,0,0
 libertygeek83 something about kissing the ass of mass murderer doesn't sit right with me potus feels this is ok URL,0,1
china's stock market crash are there gems in the rubble? URL,0,1
one man fatally shot another wounded on vermont street buffalo URL,1,1
i just got screamed at for asking my dad to move half a step so i could get through ,0,0
alleged east bay serial arsonist arrested URL,1,1
why are you feeling desolate? take the quiz URL URL,0,0
it's don't panic,0,0
a new favorite trivium detonation by rrusa URL on soundcloud,0,0
the good thing is that the royals won't face a newbie in the playoffs no real reason to panic ,0,0
well as i was chaning an ipad screen it fucking exploded and glass went all over the place looks like my job is going to need a new one ,0,0
psalm34 22 the lord redeemeth the soul of his servants and none of them that trust in him shall be desolate ,0,0
relief train carrying survivors of the derailed janta express reaches mumbai via firstpostin URL,1,1
rubi how many stacks of burning did it apply?,0,0
lot of 20 tom clancy military mystery novels paperback URL tomclancy,0,0
3 bedrooms 1 baths for sale in 29 palms ca (URL (youtube video URL,0,0
louis vuitton monogram sophie limited edition clutch cross body bag full read by ebay URL URL,0,0
guiltygearxxacp yeah i know but blaze blue dont have a twitter lol i drew this a few weeks ago URL,0,0
freddiedeboer thucydiplease then you have rise of coates charleston massacre walter scott and black twitter more broadly as well ,1,1
super loud thunder woke me up from my very nice nap,0,0
shantaeskyy gm! i pray any attack of the enemy 2 derail ur destiny is blocked by the lord amp that he floods ur life w heavenly blessings,0,0
trauma injuries involving kids and sport usually cycling related director trauma ns URL ns URL,1,1
bioterrorism public health superbug biolabs epidemics biosurveillance outbreaks homeland security news wire URL,1,1
70 years after atomic bombs japan still struggles with war past the anniversary of the devastation wrought b URL,1,1
'your love will surely come find us like blazing wild fires singing your name',0,0
so yeah splatoon is still lots of fun and default splattershot jr is still the only weapon layout i'm good at,0,0
check out this awesome profile on ge's swimming robot used in nuclear reactors! URL innovation URL,0,0
lisatoddsutton the reason i bring this up bcz he is running 4 senate murphy is nothing but a republican i am deluged with his junk mail!,0,0
hot reddit's new content policy goes into effect many horrible subreddits banned or quarantined URL prebreak best,0,0
video new de jhaustin thomas on being a cyclone ames tribune ames tribune video new de jhaustin thomas on URL,0,1
families to sue over legionnaires more than 40 families affected by the fatal outbreak of legionnaires' disea URL,1,1
i liked a youtube video from slimebeast URL town of salem how to win as the arsonist,0,0
bairstow dropped his buffet ticket there devastated for the lad ,0,0
on this day in 1998 appetite for destruction goes to 1 on the billboard album charts and stay on for 57 weeks,0,0
to all the meat loving feminists of the world riot grill has arrived URL arts URL,0,0
jays rocking mlb joeybats19 just bombed one out of rogers centre play offs r ahead for the bluejays bell moseby and barfield r back!,0,0
malaysia pm confirms wreckage belongs to mh370 URL URL,1,1
madhya pradesh train derailment village youth saved many lives a group of villagers saved over 70 passengers' lives after two train ,1,1
the great upheaval by winik jay URL URL,0,0
suicide bomber kills more than a dozen in saudi mosque saudi arabia have started experiencing some terrorist URL,1,1
zhenghxn i tried 11 eyes akame ga kill and tokyo ghoul all damn bloody i dont dare watch????????,0,0
beat b2 motor vehicle collision at n 35 st fremont av n reported on 8 5 2015 6 52 pm call 15000270364,1,1
christian attacked by muslims at the temple mount after waving israeli flag via pamela geller URL,1,1
tech data overload the growing demand for context and structure in a world inundated with information URL news,0,0
potential storm surge flooding map by national hurricane center URL URL,1,1
a little filming inside a nuclear reactor at chernobyl sonyprousa lumixusa djiglobal profbriancox rt america URL,0,1
self harm i'm so angry please tag your scars on tumblr jesus christ i dont wanna get triggered,0,0
google alert emergency units simulate a chemical explosion at nu URL,0,1
the latest more homes razed by northern california wildfire abc news URL,1,1
ignition knock (detonation) sensor senso standard fits 02 06 acura rsx 2 0l l4 URL URL,0,0
three days off from work and they've pretty much all been wrecked hahaha shoutout to my family for that one,0,0
well that was a journey to get home! a train collided with cows on the track! ????,1,1
are souls punished with annihilation? URL URL,0,0
udhampur terror attack militants attack police post 2 spos injured suspected militants tonight attacked a p URL,1,1
np agalloch the desolation song,0,0
watch sarah palin obliterate planned parenthood for targeting minority women! bb4sp URL,0,0
kushwush i'm still traumatised by your driving having flashbacks of the lane hogging ??,0,0
stephen georg hey stephen remember that time you drowned all the yellows read URL,0,0
kabwandi breaking news! unconfirmed! i just heard a loud bang nearby in what appears to be a blast of wind from my neighbour's ass ,0,1
funds needed for rescued then abandoned cocker spaniels URL,0,0
investigate why robert mueller didn't respond to my complaints since nov 2011 amp just left me son out her in danger URL,0,1
damn wale knows how to ruin a song??,0,0
st steel coffee cafetiere exploded this am with loud bang hot coffee amp grounds shot over table clean crockery phone tablet how?,1,1
bombing iran would result in a never ending game of nuclear whack a mole here's why URL URL,1,1
agreed there especially on automatic weapons there's no legitimate reason for needing one argus 99 heidia1438,1,0
perhaps 'historic' should be applied not to the deluge of recently exposed childsexabuse but the truly 'historic' scale of the cover up,1,1
pianohands you don't know because you don't smoke the way to make taxis and buses come is to light a cigarette to smoke while you wait ,1,0
pm abe pledged to make every effort to seek a world without nuclear weapons URL,1,0
revise the death to america scenario? while there's 500 american casualties by iranian activity suspected!!! URL,1,1
talent misdirection cyclone pass ignite pass vanishing drive phantom shot kurokobot,1,0
do your own thing the battle of internal vs external motivation URL,0,0
governor weighs parole for california school bus hijacker URL URL,1,1
i want some tsunami take out,0,0
romantic dramatic but never panic original sensei write rhymes in the attic,0,0
i'm a tornado looking for a soul to take,0,0
rayquazaerk there are christian terrorists to be sure but i don't suicide bombing is employed often as it is in islamic groups ,1,1
the court s reputation and prestige has sunk ever lower and prosser who has served on the court since 1998 has URL,0,0
sismo m 1 3 1km nne of the geysers california time2015 08 05 23 40 21 utc2015 08 05 16 40 21 07 00 a URL cs,0,1
could a drone cause an airplane accident? pilots worried about use of drones esp in close vicinity of airports URL ,1,1
fedex stops shipping potential bioterror pathogens URL trucking,1,1
today your life could change forever chronicillness can't be avoided it can be survived join mylifestory gt gt gt URL,0,0
vancouver to host 100s of electronic art events including mutek montreal URL isea2015,0,0
'california spring oil spill estimate grows ' by the associated press via nyt URL,1,1
'the first man gets the oyster the second man gets the shell ' andrew carnegie,0,0
experts in france begin examining airplane debris found on reunion island french air accident experts on wednesday began examining t ,1,1
australia news rt janeenorman 'high probability' aircraft wreckage is from mh370 according to deputy prime URL,1,1
this govt of hubris has small maj yet acts as if it has a landslide opposition req'd with vision rigour amp hunger to serve this democracy ,0,0
iateyourfood yikes poor pup what a weird violent storm ,1,1
i can't drown my demons they know how to swim,1,0
obama declares disaster for typhoon devastated saipan obama signs disaster declaration for northern marians a URL,1,1
strong thunderstorm 4 miles north of japton moving se at 25 mph large hail and wind gusts up to 50 mph poss arwx URL,1,1
governor allows parole for school bus hijacker URL,1,1
but if you build an army of 100 dogs and their leader is a lion all dogs will fight like a lion ,1,0
this is a one direction concert not a war zone what is this otrametlife URL,1,0
fear factory in december done deal ,0,0
brokenscnecal i just though about panic! at the disco when i said that,0,0
myanmar's president urged people to leave a low lying southern delta region on thursday with rain water that has inundated much of the coun ,1,1
URL twelve feared killed in pakistani air ambulance helicopter crash URL,1,1
kamkasteiiano bluntedjayt fucking screaming !,0,0
casually on the phone with jasmine while she cries and screams about a spider,0,0
ted cruz fires back at jeb amp bush we lose because of republicans like jeb amp mitt video URL,0,1
something frightening is happening to the weather in the middle east URL,1,1
raynbowaffair editor in chief diamondkesawn releases issue 7 URL of ramag fashion models and mayhem,0,0
love is the weapon for this wounded generation lt 3,0,0
i agree with certain cultural appropriation things but honestly if u looked at my house it screams appropriation bc buddhas and stuff ,1,0
this setlist from collideworship this past sunday was powerful! what song was your favorite? URL,0,0
day 1 of tryouts went good minus the fact i stopped quickly to get a short ball and annihilated my toenail injury even more,0,0
yet brits are panicking about the uk URL,0,0
day 3 without my phone and due to my slow shite computers it is utter hellfire '( plez send help,0,0
suicide bombing for da'esh is (rightly) despicable suicide bombing for ocalan marxism? they share 'our values' URL,1,1
boomerangtime rskarim1 sopameer wattashit3 appears to already be arriving in ridah in body bags ,0,0
england east coast dogger bank westward 1 seismic survey in progress by m v western regent towing a 8400 metre long cable within area ,0,1
trafford centre film fans angry after odeon cinema evacuated following false fire alarm twitter users tell of URL,1,1
ready for my close up errrr nope!! notgoingoutinthat hailstorm alberta hellonwheelsamc how fans talkinghell URL,1,0
the prophet (peace be upon him) said 'save yourself from hellfire even if it is by giving half a date in charity ',0,0
wrinkled the face of deluge as decayed ,0,1
ignition knock (detonation) sensor senso standard fits 97 98 ford f 250 4 6l v8 URL URL,0,0
on the flip side i'm at walmart and there is a bomb and everyone had to evacuate so stay tuned if i blow up or not,1,1
christian attacked by muslims at the temple mount after waving israeli flag via pamela geller URL,1,1
greedy had me in the war zone ! lmao,0,0
mistresspip i'm amazed you have not been inundated mistress ,0,0
traffic collision no injury i5 s at i5 s 43rd ave offramp south sac URL,1,1
save the date! saturday august 15 2015 is the salisbury fire department open house at 325 cypress st 10am to URL,0,0
you wanna ruin a relationship? just ask 'what are your intentions' and you'll do it,0,0
beat the heat today only kill cliff free fall 2 pick up a cold drink today after the tough crossfit URL,0,0
potus maybe we should call israel and tell them we're sorry are pres has sold them down the river to annihilation ,0,1
perhaps the criminal murderous nazis should pack their bags amp evacuate themselves from london amp all uk? tubestrike well done!,0,1
element of freedom at mirage saturday! 21 ladies free before midnight!' URL,0,0
first time playing hearthstone on pc thoughts URL,0,0
carolina accident motorcyclist dies in i 540 crash with car that crossed median a motorcycle rider traveling URL,1,1
auntiedote rioslade locke wiggins akarb74 not if one side is set on obliteration of govt and the other on fixing it that's too far,0,0
this nigga cyhi diss was what meek was suppose to do this shit actually fire,0,0
 amp on the rare occasion i do go out i'm complete obliterated the next day throwing up and passing out my body is accustomed to alcohol,0,0
dont think they will paint the lab building cause they have been planning for demolition since forever ,0,0
breaking 10th death confirmed in legionnaires' outbreak in south bronx total cases reaches triple digits URL,1,1
the latest more homes razed by northern california wildfire URL URL,1,1
leedsrouge love what you picked! we're playing worth it by fifth harm kid ink because of you! listen amp vote URL,1,0
praise god that we have ministry that tells it like it is!!! now wdyouth biblestudy URL,0,0
we always try to bring the heavy metal rt URL,0,0
harshness follows us a better day by sarah c racing thoughts with screaming sirens pacing back and forth for URL,0,1
incredulous at continued outcry of welfare being a waste of taxpayers money but never similar objection to 100bn on nuclear weapons,1,0
expect gusty winds heavy downpours and lightning moving northeast toward va now URL,1,1
'so again make sure to evacuate past the fire doors any questions? yes?' 'why would we open the doors to the fire!!?!??!?' i i i cant,0,1
rt grant factory grants funds weymouth meeting on seawalls and flood grants set for thursday night URL,1,0
chpsre rt refugees for our followers in paris do visit 'a dream of humanity' exhibition by rezaphotography URL,1,0
hgf52611 uh huh you only have to be burned once to know fire hurts robbie ross should throw home run derby in the all star game redsox,0,0
has an ancient nuclear reactor been discovered in africa? your URL,0,0
two giant cranes holding a bridge collapse into nearby homes URL,1,1
man crushed to death by own car URL,1,1
when you get a bomb ass picture mail ????????,0,0
wonderousallure crosses her arms to cover her hands from doing anymore damage 'h hello ',0,0
news wrap un warns female and child casualties are on the rise in afghanistan URL pbs iraq,1,1
how little boy affected the people in hiroshima eyewitness testimonials URL,1,1
mariomaraczi i'm watching it right now he freaked out after the 1st first fight where he didn't demolish the guy,0,0
emergency flow URL mp3 URL rar URL,1,0
purple heart vet finds jihad threat on his car at mall all of you islamaphobe vets URL,0,1
nice job calgary transit ! URL,0,0
raynbowaffair editor in chief diamondkesawn releases issue 7 URL of ramag fashion models and mayhem,0,0
how a little studio in the middle of nowhere is becoming the epicentre of communication URL URL,0,0
if i survive tonight i wouldn't change one thing ??,0,0
thief broke front window of hicksville store stole 50 cell phones fled crashed into URL,0,1
emmerdale i'll be devastated if it's cain such a great character ??,0,0
jackson ms longest streak of triple digit heat since 2013 forecast in dallas URL,1,1
setzorah dad why dont you claim me that mean that not right we look the same same eyes same blood same xbox 360 smh ,0,0
looks like it may have been microsofts anti virus trying to update causing the meltdown,0,0
my hands are cold but my feet are warm that's where i keep my lava,0,0
oct336 guys these bitches ain't famine then ??,0,0
the links to watch the show better work or i might electrocute someone,0,0
nowplaying cliff richard i could easily fall (in love with you) ( amp shadows) internet nieuws radio on URL,0,0
teafrystlik causing the entire sky around their battle to darken to a violent storm as an ungodly powerful bolt of lightning struck at ,0,1
in response to trauma children of addicts develop a defensive self one that decreases vulnerability (3,0,0
more than a crush ???????????? wce nykaed ?????????? URL,0,0
i fail to see how that would not bring the number of road fatalities down immensely,0,1
harveymaine aaaa ok lemme move to another roomr so no one hears my gay ass screams,0,0
dr jim amp the tsunami the latest new yorker warned us in no uncertain terms haven't you heard? the tsunami's URL,0,1
rene ablaze amp jacinta secret 2k13 (fallen skies edit) mar 30 2013 URL,0,0
don't argue cheap now you're better than that ??,0,0
aftershock URL,0,1
practice your families fire escape plan so everyone knows what to do in case of an emergency ,0,0
forbes europe china's stock market crash are there gems in the rubble? URL,1,1
gamefeed warcraft 3 inspired mode likely hitting heroes of the storm let's go back to the beginning URL videogame,0,0
and then i go a ruin it all with something awful minions URL,0,0
governor allows parole for california school bus hijacker local URL URL,1,1
rt startelegram homeless vulnerable during north texas heat wave URL URL,1,1
he called it a mudslide aw,0,0
davis's drug guide for nurses by judith hopfer deglin and april hazard vallerand URL URL,0,0
unrealtouch fuck sake john jesus my heart just sunk ,1,0
03 08 11 police stop a 41 year old in the bronx citing 'casing a victim or location ' no weapon is found ,1,1
ford truck starts up and drives off after being destroyed by tornado! URL,1,1
in the beginning of summer my mom made my curfew 1 now it's back to 12 and i can never go out and she wonders why i'm always at home,0,0
apollo brown 'detonate' f m o p URL,0,0
life is amazin same time its crazy niggas dey wanna blaze me hate it because i made it all it took was dedication n some motivation,0,0
off the wall invincible and history blood on the dance floor URL,0,0
what progress we are making in the middle ages they would have burned me now they are content with burning my books sigmund freud,0,0
philipduncan breakfastone people 'annihilated by last nights weather' really philip thought you would have forecast that ,1,0
does that sewer look like it's sinking to you? is this what happens pre sinkhole???? and i'm going insane URL,0,0
what a goooooooaaaaaal!!!!!!,0,0
just burst out in actual tears of joy when cain survived summerfate emmerdale,0,0
stream hype hurricane,0,0
mayhem 114 are you reading right to left,0,0
remove the URL and linkury browser hijacker URL URL,0,0
ambulance sprinter automatic frontline vehicle choice of 14 lez compliant ebay URL,0,0
damnaarielle yo timeline blew up so damn fast,0,0
screaming mariahcarey arianagrande URL,0,0
obama declares disaster for typhoon devastated saipan obama signs disaster declaration for northern marians after typhoon hits us territory,1,1
hot funtenna hijacking computers to send data as sound waves black hat 2015 URL prebreak best,1,0
local arsonist lmfao,0,0
firefigthers evacuate from northampton township house fire URL,1,1
320 ir icemoon aftershock URL djicemoon dubstep trapmusic dnb edm dance ices URL,0,0
ll ll pic of 16yr old pkk suicide bomber who detonated bomb in turkey army trench released URL ,1,1
heat advisory is in effect from 1 pm through 7 pm thursday a building heat wave and increasing humidity lawx URL,1,1
maryland mansion fire that killed 6 caused by damaged plug under christmas tree report says into the flames URL,1,1
tastemycupcakee lmfaooo hell nawh ?? yo ass thought ??,0,0
daniel 12 11 and from the time that the daily sacrifice shall be taken away and the abomination that maketh desolate set up,0,0
some crazy lightning outside,0,1
governor weighs parole for california school bus hijacker URL URL,0,1
l b oklahoma thunder durant nba adidas oklahoma city thunder youth large swingman jersey retail 75 nba durant URL,0,0
URL russian 'food crematoria' provoke outrage amid crisis famine memories URL,1,1
engineermatarai ate mataas kc rating but they did not think on doing like this they destroy the story along with the ratings,0,0
tim micallef when do u think yankees hit the panic button? troubleonmymind,0,0
apperception bridgework blight xxhjesc URL,0,0
nashville theater attack will gun grabbers now demand hatchet control? URL,1,1
the pastor was not in the scene of the accident who was the owner of the range rover ?,1,1
12 month payday short catastrophe loans promote finance your desire liqd,0,0
family mourns drowning of 'superhero' toddler with rare epilepsy bradley diebold suffered hundreds of epileptic URL,0,1
real vibez radio blazing the best vibez!!! URL nowplaying listenlive,0,0
after death of palestinian toddler in arson attack israel cracks down on jewish,1,1
lightning causes six new fires on vancouver island URL,1,1
detonation fashionable mountaineering electronic watch water resistant couples leisure tab URL URL,0,0
rt abbswinston zionist terrorist demolish 18 palestinian structures in jordan valley URL URL,1,1
tube strike live latest travel updates as london is engulfed in chaos URL URL,1,1
rachelrofe tired it' 5 36 am woke up to a thunderstorm lightning and rain how are you?,0,1
the dress memes have officially exploded on the internet URL,1,0
reusing advanced in life equipments in transit to drumming champaign damage fdbdp,0,0
victorinox swiss army date women's rubber mop watch 241487 URL URL,1,0
preacher faces uk terrorism charges URL,1,1
stop the annihilation of the salt river wild horses! URL via change,1,0
?? ?? ??? ??? suicide bomber kills 15 in saudi security site mosque reuters URL,1,1
kotolily breaking news! unconfirmed! i just heard a loud bang nearby in what appears to be a blast of wind from my neighbour's ass ,0,0
did i drink too much? am i losing touch? did i build a ship to wreck?,0,0
fedex no longer to transport bioterror germs in wake of anthrax lab mishaps URL,1,1
looooool,0,0
watch this airport get swallowed up by a sandstorm in under a minute URL,1,1
hollywarnexx mini heat wave apaz,1,1
cap 'the drive act represents the failure of senate republicans to address the structural shortfalls plaguing the highway trust fund',0,0
the 19 year old's smug face when dorret brings out her mudslide black forest gateau priceless gbbo,0,0
would've been great if mbiwa just flattened that little rat ,0,0
breakfast links work from home derailed an empty train derailed at smithsonian this morning suspending ser URL,1,1
master0fsloths has a crush URL,0,0
gargron good sir i did not wish to but now i am forced to i must obliterate you,0,0
annajhm jcomanse paul staubs rslm72254 blanktgt you must've got in trouble ??that's why you have fartanxiety now????,0,0
i ve seen lots ask about this mt jmcwrites pitchwars i asked for magic realism but not fantasy what's the diff? URL,0,0
yankees body bagging mfs,1,0
vladimir putin issues major warning but is it too late to escape armageddon? URL,1,1
owner of chicago area gay bar admits to arson scheme URL lgbt URL,0,1
eeenice221 true because of the truck that caught fire?,1,1
online infantryman experimental military training tutorials shower down upon assertative intelligence as regard ,0,0
was in nyc last week!,0,0
i screamed 'whats a chonce' URL,0,0
new post prysmian secures contract for blight bank wind farm URL,0,0
really cannot condemn an entire group based on the actions of a few a heart warming unity against terrorism URL,1,1
ssp east says a car aeg 061 driven by a young man collided with akram's carhot words were exchanged n he did firing in air1bullet hit tyre,1,1
photo blue by forest fires source URL URL,1,1
ted cruz fires back at jeb amp bush we lose because of republicans like jeb amp mitt video URL,0,1
hail zel man you kno i'm there !,0,0
seriously look like a get electrocuted after i blow dry my hair it's really attractive ??,0,0
gun firearm weapon vector clip art for vinyl sign cutter rifle guns weapons URL URL,0,0
clnv yes yes! i will i dont wanna ruin my life lol,0,0
namjoon's fantastic is bomb bye omg,0,0
don't let others bring you down no matter how hard they try beconfident don't let others destroy you with your weaknesses!,0,0
 you see the devastation amp it s shocking firefighters continue to battle flames in california benstracy reports ,1,1
53 years ago this week is the anniversary of marilyn monroe's death ripriprip,0,1
pawsox owners public return from whirlwind trip to durham knoxville news sentinel URL URL,0,0
did you miss the bitcoin explosion don't miss out hangout tonight at 8 30pm est gt gt gt URL,0,0
the media needs to stop publicizing mass murder so many sick people do these things for the eyes of the world amp the media is not helping ,1,1
severe thunderstorm warning for oklahoma county until 10 30pm radar here URL okwx,1,1
virgin galactic crash early unlocking of brakes triggered structural failure URL,1,1
 tropical cyclone info soudelor 945hpa maximum wind speed 45m s maximum wind gust speed 60m s URL,1,1
whvholst leashless and this is a structural problem rather than just a failure of competence by traditional soc democratic parties ,0,0
permits for bear hunting in danger of outnumbering actual bears the licenses for florida's fir URL st petersburg,0,0
ameenshaikh3 by ur logic if bridge didnt collapse then second train engine should cross bridge then sanjaynirupam sureshprabhu,1,1
aria ahrary thetawniest the out of control wild fires in california even in the northern part of the state very troubling ,1,1
leading emergency services boss welcomes new ambulance charity URL,0,0
tsunami esh esh please okay!,0,0
egyptian militants tied to isis threaten to kill croatian hostage (new york times) URL (1717 gmt),1,1
y'all pusssssssssy and shoook to death of me,0,0
ablaze what time does your talk go until? i don't know if i can make it due to work ,0,0
 unsuckdcmetro is the train half derailed or half railed? deepthoughts,1,1
heavy rainfall and flooding in northern vietnam situation report no 2 URL URL,1,1
lizbon kidicalmassdc it's more of a structural breakdown or maybe a patience failure on their part ,0,0
realdonaldtrump to obliterate notion amp pattern political style seemly lead voter beliefs sarcasm narcissism richhomeydon swag usa likes,0,0
kuualohax more like you love your husband but you're posting another man for your man crush monday's lol,0,0
vinustrip did you see hurricane guillermo with meteoearth? URL,1,1
these wild fires out west are crazy ,1,1
raheelsharif is manifesting how one right man at the helm can save a sinking ship engulfed in a dark stormy tidal sea well done ,1,0
 10m settlement attained using our illustrations to help jurors understand the true devastation of internal injuries URL,1,0
he made such a good point white person comings mass murder labelled as criminal minority does the same thing URL,0,1
nbcpolitics russia and that back fired now 2015 look what happened 911bombing of marine barracks suicide bombers attacks on world sites,1,1
fatality us need a team? we need one ,0,0
wreckage 'conclusively confirmed' as from mh370 malaysia pm investigators and the families of those who were URL,1,1
what if i want to fuck the duck until explode it could be greasy,0,0
breaking authorities have issued new mandatory evacuation notices for 25 homes to the north of the fire in roosevelt wa,1,1
live workshop selfie at booth or riot kappa,1,0
white people i know you worry tirelessly about black on black crime but what are you going to do about your mass murderer problem?,1,1
turkish newlyweds donate wedding money what a beautiful gesture! still have faith in humanity URL,0,0
my favs i'm screaming so fucking loud URL,0,0
ashes 4th test 10 hilarious twitter reactions to australia's collapse URL by absolut sumya15,0,1
the last time a high profile name was due to be signing for nffc the city was rioting! wesley verhoek now a household name! don'tpanic,1,0
missionhills ca nursing registered nurse emergency department ( full time at providence health amp services URL,0,0
honeybunzgem primalkitchen i feel like me doing a pull up is one of the stages of the apocalypse ,0,0
alexbelloli well now i know lol,0,0
towboat trek sympathy deluge falls vtc URL,1,1
typhoon soudelor taking dead aim at taiwan URL,1,1
 richmond coaches were devastated to hear of the death of their second driver mr chance who was sitting jam URL,1,1
british bake off was great pretty hilarious moments mudslide,0,0
panic! at the disco is the best song by this is gospel (acoustic) URL,0,0
'crash test' trailer paul scheer amp rob huebel's comedy special recorded on a URL,0,0
looks like a year of writing and computers is ahead URL,0,0
there's a fly loose in my workspace with two bored cats i forsee terrible things destruction badkitty thisiswhywecanthavenicethings,0,0
scottwalker so you can send the poor and middle class children to war so they can come in body bags typical gop,0,0
uptown jorge head up like yo nose bleeding,0,0
weloverobdyrdek adrian peel not a damn clue tried to see how many clicks i could get before i blew up that's how i played ,0,0
and please don't flood poor robertbenglund's mentions he's put in his work!,1,0
insanelimits plugin enabled ' tps tdm 400t hardcore locker weapon rules' using 3 limits,0,0
thought it was a drought ashj? URL,1,1
i was blow drying my hair amp the cable caught on fire i let go of it as soon as i realized just before i could get electrocuted ??,1,1
no two cases don't constitute an epidemic URL plague health publichealth,1,1
acarewornheart have a good un fella sorry i won't be there to get annihilated with you (,0,0
nepal earthquake 3 months on women fear abuse URL via loupascale,1,1
related news 'isis video' threatens hostage europe cnn URL,1,1
video 'we're picking up bodies from water' rescuers are searching for hundreds of migrants in the mediterran URL,1,1
rly tragedy in mp some live to recount horror when i saw coaches of my train plunging into water i called URL,1,1
chiasson sens can't come to deal coloradoavalanche avalanche URL URL,1,1
girlthatsrio have my uncles wreck their shit,0,0
ayekoradio play brasswork agency crushed and shaken URL radio netlabel electronicmusic listen ccmusic,0,0
major rainstorm happening! i'm gonna lie down and drift away to the storming around me for a little while bebacksoon ,1,1
fears over missing migrants in med rescuers search for survivors after a boat carrying as many as 600 migrant URL,1,1
all residents asked to 'shelter in place' are being notified by officers no other evacuation or shelter in place orders are expected,1,1
reality training train falls off elevated tracks during windstorm URL paramedic ems,1,1
trollkrattos juan carlos salvador the secret tips to get 100 000 riot points lol are out now! check the secret on on my bio,0,0
video virgin galactic crash brakes blamed investigators have said a virgin galactic spaceship crash was caused by structural failure ,1,1
refugio oil spill may have been costlier bigger than projected URL,1,1
pbban (temporary 300) avysss 'armageddon do not kill flags only fast xp' for reason,0,0
slikrickdarula drake really body bagging peeps man ?? he really bout it,0,0
some kids going to leadership camp came into my work today asking for the bathroom and my inner asb kid screamed a lot i miss camp ??,0,0
what's happening? a destruction indeed URL,0,1
sinking the slipper or putting the boot in URL,0,0
bomb squad set to detonate backpack antioch tenn theater gunman had on him officials say tennessean URL,1,1
paul craig roberts vladimir putin issues major warning but is it too late to escape a URL brics roberts russia,1,0
save your riches in heaven where they will never decrease because no thief can gets them and no moth can destroy them ??,0,0
the murderous story of america s first hijacking URL,1,1
going to starbs it's only 70 degrees part of the metro derailed it's a beautiful morning in washington d c ,1,0
southeast dirt riot series crowns champions southeast dirt riot series crowns championsblackfoot id the so URL,0,0
'you can t research collective memory' the 1st rule of writing diverse should be don't touch another group's tragedy URL,0,0
11 year old boy charged with manslaughter of toddler report an 11 year old boy has been charged with manslaughter over the fatal sh ,1,1
0npzp mhtw4fnet officials alabama home quarantined over possible ebola case abc news,1,1
1 of those days when ya don't realize till already in transit that a train derailed at the metro st closest to work?? URL,1,1
cameroon repatriated 12000 nigerian refugees URL,1,1
massive sinkhole emerges in brooklyn URL URL,1,1
drob collided into dan hughes while she was going after the ball looks like he hurt his back as he fell back on the chair hope he's ok!,0,0
watching it go up in flames,1,1
suicide bomber kills 15 in saudi security site mosque reuters via world google news wall URL,1,1
URL flooding of tracks caused derailment sa insubcontinent insubcontinent URL,1,1
 good samaritans shot in horror hijacking URL 263chat twimbos zimpapersviews,1,1
ahhtheenikki and from what i can tell they responded to today's gunman quickly and were able to evacuate all the ppl so no one was shot ,1,1
wish i had a personal hair twister,0,0
obliterated,0,0
am now repped by the fantastic laura milne thejonesesvoice for all your liguistic needs and that's some tongue twister tweets,0,0
catching up on gbbo and omg that girls cake that just totally collapsed i feel so bad,0,0
fire waves and darkness,0,1
new expansion ideas bard class holy trinity 1 URL,0,0
noel back up,0,0
onu france 74 75 bioterrorism on 'rockefeller chi rockefelleruniv'heiress 2 evade lgl efforts 2 prosecute blks 4 harvardu kidnap'g afp,0,1
24 killed in two simultaneous rail crash as acute floods derail the two trains india mumbai URL,1,1
families to sue over legionnaires more than 40 families affected by the fatal outbreak of legionnaires' disea URL,1,1
rly tragedy in mp some live to recount horror when i saw coaches of my train plunging into water i called URL,1,1
kakajambori ?? u control the future of india yor subject exploration or seismic maintenance( electrical or mechanical),0,0
udhampur terror attack militants attack police post 2 spos injured URL,1,1
hot funtenna hijacking computers to send data as sound waves black hat 2015 URL prebreak best,0,0
i liked a youtube video URL homeless dog living in a cardboard box gets rescued amp has a heartwarming,0,0
don't think i can take anymore emotional wreck watching emmerdale summerfate mikeparractor misscharleywebb,0,0
150 foot sinkhole opens in lowndes county residential area URL,1,1
crushed the gym then crushed a butterfinger flurry clearly my priorities are straight ??,0,0
???? it was an accident URL,0,1
i liked a youtube video from noahj456 URL gta 5 suicide sticky bomber (gta 5 online funny moments),0,0
emmerdale is ross really dead?? askcharley,0,0
attjcdemos folieacat well we all knew her old user was like a timebomb destined to explode ,0,0
if u faved that i hope you fall off a cliff ??,0,0
bill roose that looks so desolate and just depressing,1,0
holmgren we referred to those 35 days as 'the hostage situation ' we were lou's 'hostages ',1,0
2pcs 18w cree led work light offroad lamp car truck boat mining 4wd flood beam full rea URL URL,0,0
3 former executives to be prosecuted in fukushima nuclear disaster URL,1,1
man somebody gotta stop sbee dude too fuckin funny blood,0,0
burned dog finds new home with young burn victim URL,1,1
crowtherjohn effiedeans you just keep ur head in the sand john the best place for it lbr after 97 landslide couldnt imagine situ now,0,0
motorcyclist bicyclist injured in denver collision on broadway at least two people were taken to a local URL,1,1
pandemonium in aba as woman delivers baby without face (photos) URL URL,1,0
deals URL 37592 temporary fake tooth teeth replacement kit emergency dental oral care cosme URL,0,0
ron amp fez dave's high school crush URL via youtube,1,0
prablematicla adweek i'm actually currently dressed for a snowstorm despite being in the middle of a texas summer thanks office a c ,1,1
hot funtenna hijacking computers to send data as sound waves black hat 2015 URL prebreak best,0,0
philippines must protect internally displaced persons warns un expert URL,1,1
secrets of the world collide but i leave the past behind it's been so long now and i can't go without,0,0
i liked a youtube video URL benedict cumberbatch gets video bombed,0,0
still and box alarm for the train derailment at 61st and calumet struck out on the orders of 2 1 21 chicagoscanner,1,1
susinesses are deluged with invoices make yours stlnd out with colour or shape and it's likely to rise to the top of the pay' pile ,0,0
debris found on reunion island comes from mh370 malaysian pm URL,1,1
avalanche city sunset URL nowplay listen radio,1,0
 accident property damage piner rd horndale dr,1,1
the latest more homes razed by northerncalifornia wildfire URL zippednews URL,1,1
families to sue over legionnaires more than 40 families affected by the fatal outbreak of legionnaires' disea URL,1,1
troyslaby22 slicker than an oil spill,0,0
on the sneak america has us spoiled a natural disaster will humble niggas ,1,1
well me and dad survived my driving ????????,0,0
smallforestelf umm because a gun stopped the gunman with who was carrying a bomb!,1,1
hollywood movie about trapped miners released in chile URL zippednews URL,0,0
24 killed in two simultaneous rail crash as acute floods derail the two trains india mumbai URL,1,1
to whomever is hijacking my wifi hotspot i have a very specific skill set i will create a character and perform a one man show about you,0,0
investigators say a fatal virgin galactic spaceship crash last year was caused by structural failure after the co pilot unlocked a braking,1,1
i blaze jays fuck the dutch slave trade ,0,0
does the fingerrockfire make you wonder 'am i prepared for a wildfire' find out at URL azwx URL,1,1
threw a chicken nugget at my sisters lip and now it's bleeding??,0,0
delmont's 'onion house' purchased after plans for demolition URL,1,0
thunder is legit,0,1
17 people displaced after 3 alarm fire tore through 2 apartment buildings on second street in manchester URL mht,1,1
party for bestival crash victim michael molloy on what would have been his 21st URL,1,1
i'm in the shower and i went to go change the song and of course i get fucking electrocuted by the cord,0,0
masochisticmage catastrophe! it caused people to get reckless and the bottom line is that at least three of your friends will have ,0,1
this is how we know alllivesmatter people are incredibly racist and only care to derail necessary conversations,0,0
internet firms to be subject to new cybersecurity rules in eu URL,0,0
hey look!!! kash's foundation live for today got blown up on people magazine's website!! todd blake URL,0,0
anxiety attack ??,0,0
seen on fahlo wcw all hail the queen ?? URL mtvhottest justin bieber URL,0,0
each time we try we always end up sinking,0,0
confirmed the debris from mh370 ??,1,1
demolish deep space etoffe charmeuse clothesless precisionistic vestment psfda,0,0
is this the creepiest youth camp ever? URL,0,0
wreckage 'conclusively confirmed' as from mh370 malaysia pm investigators and the families of those who were URL,1,1
reddit will now quarantine offensive content reddit co founder and ceo steve huffman has unveiled more specif URL,0,0
robpulsenews huyovoetripolye phillips should be charged for assisting terrorism ldnr terrorists' organizations URL,1,1
goulburn man henry van bilsen missing emergency services are searching for a goulburn man who disappeared from his URL,1,1
broke my nail(real not fake) this morning blood and all ah it hurts any ideas how to treat it? help me pretty please ? ,0,0
and last year it was just a lot of 'the drums are flooding' and 'janice i'm falling',0,0
deadpool is already one of my favourite marvel characters and all i know is he wears a red suit so the bad guys can't tell if he's bleeding,0,0
u s record hurricane drought URL,1,1
in every bts song jimin screams,0,0
there are people who plotted against me that are still wondering how i survived,0,0
the universe might not actually exist scientists say URL 'the sun blew up and the earth began' ,0,0
reddit updates content policy promises to quarantine extremely offensive communities URL,1,0
oops bounty hunters try to raid phoenix police chief's home URL a group of armed bounty URL,1,1
kevin tan says hail to the chefs and green pastures which features sustainable and organic cooking URL,0,0
look at them'ayhoka co happy bn too long'foxy siren oh finally jennifer aniston got married?????? i'm so happy for her ??????'',0,0
a warcraft 3 inspired mode is likely coming to heroes of the storm URL URL URL,0,0
300k exotic car wrecked in train accident URL,1,1
woman sneaks into airplane cockpit terrorism not suspected URL URL,1,1
men crush every fucking day???????????????????????????? URL,0,0
heartdisease u s forest service says spending more than half of budget on fires URL,1,1
ignition knock (detonation) sensor senso standard ks100 URL URL,0,0
 charleyisqueen yeah well maybe if the barber didn't cut my hair too short on top i wouldn't of gone through the egg trouble????,0,0
japan marks 70th anniversary of hiroshima atomic bombing URL,1,1
i come downstairs trying to look as normal as possible in front of my mom and rhiannon screams 'hungover???? huh???' uhmmmm no ????????,0,0
you know how they say the side effects low amp really fast? son the product was an acne cream why 1 of the side effects was bloody diarrhea?,0,0
my mlg and food worlds have collided in this ijustine salmon video simple alaskaseafood askforalaska URL,0,0
kaputt21 hamburg police chief gregory wickett has told 7 eyewitness news he 'can't confirm or deny' an investigation is underway ,0,1
arianagrande justinbieber omgggg im screaming,0,0
thu aug 06 2015 01 20 32 gmt 0000 (utc) millcityio 20150613 theramin sirens,1,0
join charity 10k run event! doningtondash 11am start sun 20 sept 2015 castle donington community first responders URL,0,0
jen you da bomb girl! URL,0,0
i had no issues uploading death to smoochy or awakenings clips to youtube but for some reason bicentennial man is being a pain in the ass ,0,0
science now that a piece of wreckage from flight mh370 has been confirmed on r union island is it possible t URL,1,1
sidelinesavage what like a pipe made of peanut butter or a pipe you can smoke peanut butter out of?,0,0
sassy city girl country hunk stranded in smoky mountain snowstorm aoms URL ibooklove bookboost,1,1
the way you move is like a full on rainstorm and i'm a house of cards ,0,0
xhnews we need these plants in the pacific during the cyclone seasons it would help,1,1
mprnews 600!!! wow!!! that's a lot of traumatised kids!!!!!,0,1
newswatch 2 vehicles collided at lock and lansdowne sts in ptbo emerg crews on their way,1,1
my niece just asked me 'would you be scared if there was an apocalypse here?' ????,0,0
?you should be scared you should be screaming and panicking ? this redeemer URL romanticsuspense,0,0
binellithresa ty for the follow go to URL brutally abused desolate amp lost her lovely mum dies is it murder?,1,1
savagenation reminds me when the peasants destroyed their food when stalin's army came to 'redistribute the wealth' it caused famine death,1,1
acaciapenn i'll start a big ass riot send me to jail today mfs shidddd ??,0,0
civilian casualties in afghanistan hit highest number since 2009 u n says via washingtonpost URL,1,1
watch this airport get swallowed up by a sandstorm in under a minute URL,1,1
captured terrorist naved not registered as our citizen pakistan URL,1,1
people rioting everywhere and i think i'd be one of them ' usami san lt 3,1,1
me pulling over and fighting the hoes that called zayn a terrorist URL,1,0
three israeli soldiers wounded in west bank terrorist attack haaretz URL,1,1
on thisdayinhistory in 1862 confederate ship blown up by crew read more URL via history,1,1
i was on my way to gary but all the chicago entrances was closed due to a bridge collapsed ?????? i hope they let us through tomorrow,1,1
the thing with rules is break it once it becomes easier the next time URL URL,0,0
turkish troops killed in kurdish militant 'suicide attack' URL,1,1
watch this airport get swallowed up by a sandstorm in under a minute URL,1,1
only weapon im scared off is karma,0,0
